id_cliente,sector,region,consumo_kwh,factor_potencia,antiguedad_anios
CL-0001,Comercial,Caribe,1590.7,0.914,10.4
CL-0002,Residencial,Andina,130.7,0.915,13.1
CL-0003,Industrial,Caribe,11247.3,0.81,22.5
CL-0004,Comercial,Caribe,301.9,0.938,10.0
CL-0005,Residencial,Pacifica,168.1,0.886,11.8
CL-0006,Industrial,Andina,3848.6,0.927,12.3
CL-0007,Comercial,Andina,822.7,0.816,24.2
CL-0008,Comercial,Caribe,1380.8,0.955,8.0
CL-0009,Residencial,Andina,124.9,0.906,13.8
CL-0010,Residencial,Andina,137.5,0.822,21.7
CL-0011,Residencial,Andina,97.6,0.948,4.4
CL-0012,Industrial,Andina,4879.6,0.93,7.6
CL-0013,Comercial,Andina,1226.9,0.925,6.8
CL-0014,Industrial,Andina,3744.4,0.933,10.1
CL-0015,Residencial,Andina,187.0,0.927,12.9
CL-0016,Residencial,Andina,188.9,0.962,5.1
CL-0017,Comercial,Andina,698.7,0.785,24.8
CL-0018,Residencial,Caribe,190.2,0.869,17.8
CL-0019,Industrial,Andina,6905.4,0.923,8.9
CL-0020,Comercial,Pacifica,660.9,0.979,6.7
CL-0021,Comercial,Pacifica,1059.3,0.924,11.3
CL-0022,Residencial,Andina,345.8,0.79,26.1
CL-0023,Industrial,Andina,1851.4,0.932,8.0
CL-0024,Industrial,Caribe,9269.6,0.83,22.2
CL-0025,Comercial,Pacifica,845.1,0.902,14.4
CL-0026,Residencial,Caribe,334.3,0.837,18.4
CL-0027,Residencial,Pacifica,170.6,0.961,10.1
CL-0028,Residencial,Caribe,110.8,0.863,17.0
CL-0029,Residencial,Caribe,233.9,0.946,12.4
CL-0030,Comercial,Andina,1487.8,0.782,25.2
CL-0031,Comercial,Caribe,1308.1,0.919,10.4
CL-0032,Industrial,Andina,4723.3,0.77,25.7
CL-0033,Residencial,Caribe,213.4,0.812,21.3
CL-0034,Residencial,Pacifica,153.2,0.835,17.8
CL-0035,Residencial,Andina,123.1,0.917,11.8
CL-0036,Residencial,Caribe,96.5,0.955,8.6
CL-0037,Residencial,Andina,88.8,0.975,8.3
CL-0038,Residencial,Caribe,54.6,0.948,9.2
CL-0039,Residencial,Andina,47.5,0.957,7.0
CL-0040,Comercial,Pacifica,1688.3,0.783,23.6
CL-0041,Residencial,Andina,76.5,0.868,18.1
CL-0042,Industrial,Pacifica,6685.3,0.909,10.1
CL-0043,Comercial,Pacifica,1959.3,0.789,23.7
CL-0044,Residencial,Caribe,130.9,0.827,23.4
CL-0045,Industrial,Caribe,7975.1,0.829,21.4
CL-0046,Industrial,Caribe,9298.3,0.91,5.7
CL-0047,Residencial,Pacifica,124.9,0.938,8.2
CL-0048,Residencial,Andina,107.9,0.839,24.3
CL-0049,Comercial,Caribe,1635.3,0.919,8.6
CL-0050,Residencial,Andina,170.1,0.932,9.4
CL-0051,Residencial,Caribe,266.1,0.826,20.2
CL-0052,Residencial,Andina,121.1,0.86,17.7
CL-0053,Comercial,Caribe,577.0,0.89,14.2
CL-0054,Comercial,Caribe,2524.0,0.783,22.7
CL-0055,Comercial,Andina,2449.7,0.92,11.2
CL-0056,Comercial,Caribe,996.0,0.959,4.7
CL-0057,Residencial,Caribe,114.0,0.944,7.2
CL-0058,Comercial,Caribe,1173.2,0.99,1.5
CL-0059,Residencial,Andina,79.6,0.917,13.0
CL-0060,Residencial,Caribe,132.2,0.836,20.4
CL-0061,Comercial,Pacifica,783.8,0.929,11.3
CL-0062,Residencial,Andina,284.8,0.81,23.4
CL-0063,Comercial,Andina,1970.4,0.936,7.2
CL-0064,Comercial,Andina,750.4,0.953,6.9
CL-0065,Comercial,Caribe,1451.5,0.925,12.5
CL-0066,Comercial,Andina,2852.3,0.95,8.4
CL-0067,Comercial,Caribe,1602.3,0.837,19.9
CL-0068,Residencial,Caribe,241.8,0.931,11.2
CL-0069,Residencial,Andina,142.0,0.99,1.3
CL-0070,Residencial,Pacifica,198.6,0.84,16.5
CL-0071,Residencial,Caribe,30.0,0.928,12.7
CL-0072,Residencial,Andina,150.3,0.919,12.9
CL-0073,Industrial,Andina,2255.1,0.905,13.3
CL-0074,Residencial,Andina,251.7,0.962,6.3
CL-0075,Residencial,Andina,263.9,0.859,19.0
CL-0076,Residencial,Andina,164.1,0.955,10.2
CL-0077,Residencial,Pacifica,92.5,0.952,10.1
CL-0078,Comercial,Andina,1013.0,0.933,6.9
CL-0079,Comercial,Andina,1549.8,0.899,8.8
CL-0080,Comercial,Caribe,817.7,0.908,12.2
CL-0081,Comercial,Caribe,2295.0,0.804,24.3
CL-0082,Residencial,Pacifica,316.5,0.936,5.9
CL-0083,Industrial,Caribe,5964.6,0.923,9.5
CL-0084,Residencial,Andina,144.5,0.918,11.9
CL-0085,Residencial,Andina,133.2,0.946,8.8
CL-0086,Residencial,Pacifica,125.1,0.92,12.6
CL-0087,Comercial,Caribe,1067.6,0.804,23.8
CL-0088,Residencial,Pacifica,134.7,0.799,22.4
CL-0089,Residencial,Andina,53.2,0.99,5.3
CL-0090,Comercial,Pacifica,432.1,0.952,9.2
CL-0091,Residencial,Caribe,255.1,0.807,22.5
CL-0092,Comercial,Andina,991.3,0.96,5.1
CL-0093,Residencial,Caribe,75.2,0.99,0.5
CL-0094,Residencial,Caribe,328.4,0.904,16.4
CL-0095,Residencial,Andina,265.0,0.87,20.9
CL-0096,Comercial,Andina,903.3,0.813,22.6
CL-0097,Residencial,Pacifica,125.3,0.933,13.0
CL-0098,Residencial,Andina,108.1,0.819,23.5
CL-0099,Residencial,Andina,111.2,0.913,9.7
CL-0100,Industrial,Andina,20851.7,0.889,12.1
CL-0101,Industrial,Andina,7977.3,0.939,7.8
CL-0102,Comercial,Pacifica,989.4,0.92,13.4
CL-0103,Residencial,Caribe,159.7,0.95,9.0
CL-0104,Industrial,Andina,11118.0,0.905,7.3
CL-0105,Comercial,Pacifica,627.4,0.927,8.6
CL-0106,Comercial,Pacifica,1468.4,0.821,20.6
CL-0107,Residencial,Andina,171.6,0.982,6.5
CL-0108,Residencial,Pacifica,152.8,0.932,7.7
CL-0109,Residencial,Andina,191.6,0.838,21.6
CL-0110,Industrial,Pacifica,5991.2,0.886,13.5
CL-0111,Residencial,Caribe,333.9,0.817,22.3
CL-0112,Residencial,Caribe,268.5,0.836,21.9
CL-0113,Residencial,Andina,165.3,0.819,21.1
CL-0114,Comercial,Pacifica,1535.0,0.908,10.4
CL-0115,Residencial,Andina,111.1,0.987,3.4
CL-0116,Industrial,Andina,12180.6,0.938,7.2
CL-0117,Comercial,Andina,297.3,0.969,9.9
CL-0118,Comercial,Caribe,774.7,0.904,11.5
CL-0119,Residencial,Andina,144.7,0.929,10.5
CL-0120,Comercial,Pacifica,356.1,0.929,8.4
CL-0121,Comercial,Caribe,770.9,0.96,10.7
CL-0122,Comercial,Andina,700.2,0.878,15.0
CL-0123,Residencial,Andina,92.0,0.842,22.7
CL-0124,Residencial,Andina,249.0,0.764,27.0
CL-0125,Residencial,Caribe,38.6,0.959,10.8
CL-0126,Residencial,Pacifica,131.8,0.869,17.0
CL-0127,Residencial,Andina,209.4,0.915,10.2
CL-0128,Residencial,Pacifica,246.5,0.827,22.3
CL-0129,Residencial,Andina,40.3,0.866,20.1
CL-0130,Comercial,Pacifica,837.6,0.96,6.3
CL-0131,Residencial,Pacifica,249.0,0.858,16.7
CL-0132,Industrial,Caribe,5384.5,0.833,19.1
CL-0133,Comercial,Caribe,1818.5,0.865,20.0
CL-0134,Residencial,Pacifica,83.1,0.84,17.4
CL-0135,Comercial,Andina,2221.0,0.926,8.3
CL-0136,Residencial,Andina,64.5,0.922,8.2
CL-0137,Industrial,Andina,4272.5,0.797,22.1
CL-0138,Residencial,Caribe,115.3,0.976,6.3
CL-0139,Comercial,Caribe,774.7,0.983,5.5
CL-0140,Residencial,Caribe,83.7,0.99,4.1
CL-0141,Residencial,Pacifica,188.9,0.922,11.5
CL-0142,Residencial,Andina,45.5,0.949,8.4
CL-0143,Industrial,Caribe,6431.7,0.806,19.1
CL-0144,Comercial,Andina,1053.1,0.927,10.8
CL-0145,Residencial,Andina,195.2,0.831,21.1
CL-0146,Residencial,Caribe,108.2,0.775,27.5
CL-0147,Residencial,Pacifica,38.5,0.948,6.6
CL-0148,Comercial,Caribe,573.2,0.919,11.7
CL-0149,Residencial,Andina,343.1,0.946,10.2
CL-0150,Residencial,Caribe,131.2,0.79,24.7
CL-0151,Industrial,Andina,11129.2,0.855,16.2
CL-0152,Industrial,Pacifica,4195.5,0.936,8.6
CL-0153,Residencial,Caribe,184.2,0.944,11.9
CL-0154,Comercial,Andina,1081.7,0.947,11.0
CL-0155,Residencial,Andina,94.2,0.98,1.3
CL-0156,Comercial,Andina,1705.3,0.809,26.9
CL-0157,Residencial,Pacifica,164.2,0.866,16.8
CL-0158,Comercial,Andina,1362.1,0.897,13.6
CL-0159,Comercial,Caribe,1895.3,0.827,22.3
CL-0160,Comercial,Caribe,2056.9,0.956,3.8
CL-0161,Residencial,Caribe,249.6,0.817,22.7
CL-0162,Industrial,Andina,4808.2,0.889,11.7
CL-0163,Residencial,Pacifica,67.6,0.957,10.3
CL-0164,Residencial,Andina,126.2,0.799,26.3
CL-0165,Comercial,Caribe,2543.7,0.912,13.5
CL-0166,Residencial,Caribe,188.7,0.871,19.8
CL-0167,Industrial,Caribe,4118.9,0.827,19.8
CL-0168,Industrial,Pacifica,5335.6,0.937,13.1
CL-0169,Residencial,Andina,332.0,0.903,13.7
CL-0170,Industrial,Caribe,15926.7,0.822,20.4
CL-0171,Residencial,Andina,149.3,0.944,7.0
CL-0172,Comercial,Andina,843.2,0.922,9.2
CL-0173,Residencial,Andina,102.9,0.915,12.3
CL-0174,Industrial,Andina,5545.2,0.858,14.9
CL-0175,Residencial,Andina,142.0,0.96,10.7
CL-0176,Residencial,Andina,46.1,0.97,8.0
CL-0177,Residencial,Andina,539.5,0.785,25.8
CL-0178,Industrial,Caribe,15607.4,0.897,11.8
CL-0179,Industrial,Caribe,22542.4,0.797,24.8
CL-0180,Comercial,Andina,805.9,0.878,15.6
CL-0181,Industrial,Andina,11891.6,0.807,19.0
CL-0182,Industrial,Andina,8914.5,0.787,25.0
CL-0183,Comercial,Caribe,1488.0,0.968,8.4
CL-0184,Residencial,Andina,190.1,0.844,19.3
CL-0185,Comercial,Andina,1988.6,0.935,6.1
CL-0186,Comercial,Andina,972.5,0.932,6.5
CL-0187,Residencial,Andina,332.0,0.884,12.9
CL-0188,Residencial,Andina,117.3,0.836,22.3
CL-0189,Comercial,Caribe,529.5,0.946,7.7
CL-0190,Residencial,Caribe,62.7,0.943,14.7
CL-0191,Industrial,Caribe,7147.1,0.924,6.4
CL-0192,Residencial,Caribe,249.1,0.963,5.4
CL-0193,Residencial,Caribe,447.8,0.938,8.6
CL-0194,Industrial,Andina,9423.1,0.898,12.3
CL-0195,Residencial,Caribe,327.3,0.883,14.0
CL-0196,Residencial,Caribe,221.0,0.914,11.4
CL-0197,Comercial,Andina,806.9,0.947,5.3
CL-0198,Industrial,Caribe,5864.0,0.902,10.9
CL-0199,Residencial,Andina,206.6,0.877,15.7
CL-0200,Residencial,Caribe,184.2,0.962,4.0
CL-0201,Comercial,Caribe,2239.5,0.941,9.2
CL-0202,Industrial,Pacifica,7520.1,0.828,13.3
CL-0203,Comercial,Pacifica,946.6,0.916,10.4
CL-0204,Residencial,Caribe,224.4,0.984,3.8
CL-0205,Residencial,Caribe,65.2,0.869,16.6
CL-0206,Residencial,Caribe,296.8,0.895,14.9
CL-0207,Residencial,Andina,174.2,0.953,6.8
CL-0208,Comercial,Pacifica,919.4,0.913,10.7
CL-0209,Residencial,Andina,160.6,0.955,7.8
CL-0210,Comercial,Andina,1092.2,0.943,10.5
CL-0211,Comercial,Andina,622.2,0.95,8.2
CL-0212,Comercial,Pacifica,1021.2,0.926,8.9
CL-0213,Residencial,Andina,85.8,0.943,8.4
CL-0214,Industrial,Andina,4097.5,0.839,17.8
CL-0215,Comercial,Andina,874.1,0.828,19.9
CL-0216,Comercial,Andina,1372.1,0.877,12.7
CL-0217,Residencial,Andina,174.0,0.931,6.9
CL-0218,Residencial,Caribe,30.0,0.876,16.2
CL-0219,Industrial,Andina,8402.7,0.947,6.2
CL-0220,Residencial,Pacifica,431.1,0.831,18.4
CL-0221,Residencial,Pacifica,334.3,0.785,24.8
CL-0222,Residencial,Andina,327.9,0.819,21.8
CL-0223,Comercial,Andina,1281.2,0.836,19.6
CL-0224,Industrial,Caribe,7511.6,0.903,11.3
CL-0225,Residencial,Andina,90.2,0.942,9.2
CL-0226,Industrial,Andina,8668.6,0.905,11.4
CL-0227,Residencial,Pacifica,148.3,0.92,9.6
CL-0228,Comercial,Pacifica,1641.9,0.919,9.3
CL-0229,Comercial,Caribe,3082.4,0.81,23.3
CL-0230,Residencial,Andina,98.2,0.943,9.5
CL-0231,Residencial,Caribe,112.7,0.955,7.8
CL-0232,Residencial,Caribe,261.5,0.803,24.0
CL-0233,Industrial,Andina,7891.5,0.967,6.4
CL-0234,Comercial,Caribe,1430.7,0.935,9.3
CL-0235,Industrial,Andina,5943.9,0.844,17.2
CL-0236,Industrial,Andina,4327.6,0.917,9.5
CL-0237,Residencial,Caribe,199.7,0.959,6.5
CL-0238,Comercial,Andina,868.6,0.938,11.7
CL-0239,Residencial,Andina,110.9,0.822,23.1
CL-0240,Residencial,Pacifica,359.4,0.929,5.6
CL-0241,Industrial,Pacifica,7840.6,0.941,8.7
CL-0242,Comercial,Caribe,1638.6,0.943,11.5
CL-0243,Residencial,Pacifica,89.6,0.919,12.6
CL-0244,Comercial,Pacifica,1118.6,0.86,21.8
CL-0245,Comercial,Andina,1637.6,0.99,2.2
CL-0246,Industrial,Andina,3653.1,0.868,18.3
CL-0247,Comercial,Andina,503.0,0.964,7.1
CL-0248,Residencial,Andina,75.1,0.972,6.6
CL-0249,Residencial,Caribe,103.7,0.848,15.2
CL-0250,Residencial,Andina,229.5,0.917,8.3
CL-0251,Comercial,Andina,1085.4,0.88,14.1
CL-0252,Industrial,Andina,14747.0,0.792,23.3
CL-0253,Residencial,Andina,52.0,0.883,16.1
CL-0254,Residencial,Pacifica,112.2,0.971,6.1
CL-0255,Residencial,Andina,140.4,0.812,21.5
CL-0256,Comercial,Andina,483.6,0.939,6.4
CL-0257,Industrial,Andina,6761.2,0.895,10.4
CL-0258,Residencial,Andina,112.1,0.924,14.6
CL-0259,Residencial,Caribe,171.4,0.934,10.6
CL-0260,Comercial,Andina,854.1,0.941,11.1
CL-0261,Residencial,Andina,97.3,0.849,17.1
CL-0262,Industrial,Andina,10567.7,0.918,4.7
CL-0263,Residencial,Pacifica,249.6,0.835,19.5
CL-0264,Residencial,Caribe,300.4,0.962,9.5
CL-0265,Industrial,Caribe,5114.3,0.953,6.1
CL-0266,Residencial,Caribe,79.7,0.94,6.0
CL-0267,Residencial,Caribe,239.7,0.857,22.4
CL-0268,Residencial,Andina,147.6,0.924,11.8
CL-0269,Residencial,Andina,206.4,0.895,14.4
CL-0270,Residencial,Caribe,1264.2,0.8,23.6
CL-0271,Residencial,Andina,270.5,0.961,7.1
CL-0272,Residencial,Pacifica,122.6,0.923,12.1
CL-0273,Residencial,Andina,239.6,0.858,19.5
CL-0274,Comercial,Caribe,1156.3,0.9,11.7
CL-0275,Comercial,Pacifica,1104.9,0.976,6.8
CL-0276,Residencial,Caribe,228.4,0.956,9.3
CL-0277,Residencial,Pacifica,104.6,0.968,5.8
CL-0278,Comercial,Caribe,1748.9,0.943,9.0
CL-0279,Industrial,Pacifica,8814.8,0.824,17.4
CL-0280,Industrial,Andina,7607.1,0.933,4.8
CL-0281,Residencial,Andina,298.2,0.823,18.1
CL-0282,Residencial,Caribe,94.0,0.822,21.4
CL-0283,Residencial,Andina,150.2,0.933,9.8
CL-0284,Residencial,Andina,125.0,0.827,24.2
CL-0285,Comercial,Pacifica,639.0,0.81,22.2
CL-0286,Residencial,Caribe,99.1,0.837,23.3
CL-0287,Residencial,Andina,127.2,0.976,3.4
CL-0288,Residencial,Andina,129.1,0.905,11.8
CL-0289,Comercial,Andina,1101.1,0.923,10.7
CL-0290,Residencial,Andina,62.3,0.972,7.0
CL-0291,Industrial,Pacifica,7956.8,0.972,3.1
CL-0292,Residencial,Andina,48.4,0.978,3.1
CL-0293,Industrial,Andina,5469.2,0.911,8.8
CL-0294,Residencial,Caribe,147.7,0.821,21.1
CL-0295,Industrial,Andina,3199.5,0.9,14.8
CL-0296,Industrial,Andina,8804.6,0.923,7.3
CL-0297,Industrial,Caribe,5356.7,0.907,13.7
CL-0298,Industrial,Caribe,3261.4,0.918,9.8
CL-0299,Comercial,Pacifica,393.0,0.932,9.6
CL-0300,Comercial,Caribe,1312.7,0.962,4.4
